FIPS,TRN_BC_Share_of_Rural_Population_with_Broadband_Access
01001,0.47
01003,0.61
01005,0.28
01007,0.02
01009,0.5
01011,0.0
01013,0.32
01015,0.8
01017,0.65
01019,0.31
01021,0.2
01023,0.15
01025,0.39
01027,0.37
01029,0.0
01031,0.72
01033,0.51
01035,0.16
01037,0.79
01039,0.03
01041,0.57
01043,0.63
01045,0.83
01047,0.62
01049,0.82
01051,0.82
01053,0.4
01055,0.82
01057,0.0
01059,0.52
01061,0.38
01063,0.01
01065,0.54
01067,0.42
01069,0.59
01071,0.83
01073,0.81
01075,0.32
01077,0.45
01079,0.56
01081,0.9
01083,0.84
01085,0.1
01087,0.38
01089,0.77
01091,0.14
01093,0.13
01095,0.9
01097,0.72
01099,0.4
01101,0.73
01103,0.73
01105,0.0
01107,0.02
01109,0.8
01111,0.26
01113,0.77
01115,0.66
01117,0.65
01119,0.42
01121,0.53
01123,0.9
01125,0.82
01127,0.63
01129,0.13
01131,0.32
01133,0.09
02013,0.0
02020,0.84
02060,0.0
02068,0.0
02090,0.52
02100,0.0
02110,0.98
02122,0.38
02130,0.98
02150,0.0
02164,0.0
02170,0.47
02185,0.0
02188,0.0
02195,0.0
02220,0.91
02230,0.0
02275,0.0
02282,0.0
04001,0.0
04003,0.42
04005,0.31
04007,0.37
04009,0.41
04011,0.11
04012,0.23
04013,0.45
04015,0.34
04017,0.24
04019,0.54
04021,0.28
04023,0.34
04025,0.6
04027,0.3
05001,0.01
05003,0.4
05005,0.53
05007,0.59
05009,0.64
05011,0.01
05013,0.04
05015,0.6
05017,0.02
05019,0.61
05021,0.15
05023,0.49
05025,0.03
05027,0.24
05029,
05031,0.69
05033,0.74
05035,0.21
05037,0.58
05039,0.58
05041,0.07
05043,0.01
05045,0.96
05047,0.07
05049,0.04
05051,0.93
05053,0.74
05055,0.26
05057,0.34
05059,0.34
05061,0.15
05063,0.36
05065,0.0
05067,0.57
05069,0.2
05071,0.31
05073,0.0
05075,0.12
05077,0.17
05079,0.0
05081,0.0
05083,0.0
05085,0.71
05087,0.31
05089,0.24
05091,0.63
05093,0.52
05095,0.18
05097,0.74
05099,0.16
05101,0.1
05103,0.39
05105,0.91
05107,0.59
05109,0.79
05111,0.34
05113,0.22
05115,0.77
05117,0.0
05119,0.88
05121,0.37
05123,0.22
05125,0.77
05127,0.07
05129,0.81
05131,0.77
05133,0.8
05135,0.17
05137,0.0
05139,0.47
05141,0.4
05143,0.8
05145,0.51
05147,0.0
05149,0.57
06001,
06003,0.1
06005,0.1
06007,0.45
06009,0.62
06011,0.07
06013,0.7
06015,0.84
06017,0.36
06019,0.18
06021,0.32
06023,0.37
06025,0.23
06027,0.4
06029,0.17
06031,0.26
06033,0.6
06035,0.16
06037,0.61
06039,0.06
06041,0.55
06043,0.0
06045,0.38
06047,0.2
06049,0.16
06051,0.07
06053,0.62
06055,0.56
06057,0.43
06059,0.78
06061,0.4
06063,0.0
06065,0.42
06067,0.83
06069,0.92
06071,0.41
06073,0.49
06075,
06077,0.54
06079,0.47
06081,0.89
06083,0.47
06085,0.97
06087,
06089,0.19
06091,0.01
06093,0.05
06095,0.37
06097,0.74
06099,0.32
06101,0.47
06103,0.27
06105,0.0
06107,0.1
06109,0.39
06111,0.59
06113,0.17
06115,0.24
08001,0.6
08003,
08005,0.26
08007,0.0
08009,0.0
08011,0.0
08013,0.62
08014,0.88
08015,0.43
08017,0.0
08019,0.67
08021,0.96
08023,0.45
08025,0.0
08027,0.97
08029,0.29
08031,
08033,0.13
08035,0.61
08037,0.69
08039,0.46
08041,0.52
08043,0.8
08045,0.44
08047,0.36
08049,0.5
08051,0.85
08053,0.0
08055,0.66
08057,0.0
08059,0.65
08061,0.0
08063,0.12
08065,0.76
08067,0.38
08069,0.47
08071,0.18
08073,0.0
08075,0.45
08077,0.44
08079,0.03
08081,0.78
08083,0.48
08085,0.28
08087,0.58
08089,0.57
08091,0.1
08093,0.36
08095,0.69
08097,0.63
08099,0.12
08101,0.62
08103,0.82
08105,0.59
08107,0.94
08109,0.02
08111,0.04
08113,0.61
08115,0.41
08117,0.81
08119,0.38
08121,0.14
08123,0.17
08125,0.22
10001,0.9
10003,0.97
10005,0.87
11001,
12001,0.73
12003,0.66
12005,0.75
12007,0.44
12009,
12011,0.64
12013,0.0
12015,0.64
12017,0.79
12019,0.75
12021,0.87
12023,0.78
12027,0.43
12029,0.0
12031,
12033,0.71
12035,0.79
12037,0.71
12039,0.78
12041,0.37
12043,0.43
12045,0.67
12047,0.94
12049,0.92
12051,0.38
12053,0.76
12055,0.63
12057,0.92
12059,0.16
12061,
12063,0.37
12065,0.15
12067,0.89
12069,0.66
12071,0.85
12073,0.86
12075,0.1
12077,0.0
12079,0.43
12081,0.77
12083,0.76
12085,0.67
12086,0.34
12087,0.92
12089,0.91
12091,0.64
12093,0.42
12095,
12097,
12099,0.75
12101,0.86
12103,1.0
12105,0.71
12107,0.71
12109,
12111,
12113,0.67
12115,0.76
12117,
12119,0.38
12121,0.94
12123,0.46
12125,0.87
12127,
12129,0.88
12131,0.68
12133,0.2
13001,0.27
13003,0.54
13005,0.45
13007,0.0
13009,0.97
13011,0.96
13013,0.99
13015,0.83
13017,0.95
13019,0.93
13021,0.97
13023,0.4
13025,0.99
13027,0.85
13029,0.98
13031,0.06
13033,0.6
13035,0.82
13037,0.37
13039,0.78
13043,0.21
13045,0.51
13047,0.99
13049,0.71
13051,0.95
13053,0.05
13055,0.98
13057,0.94
13059,0.86
13061,0.75
13063,1.0
13065,0.68
13067,0.95
13069,0.89
13071,0.88
13073,0.65
13075,0.7
13077,0.97
13079,0.63
13081,0.39
13083,0.78
13085,0.86
13087,0.38
13089,1.0
13091,0.43
13093,0.46
13095,0.95
13097,0.95
13099,0.66
13101,0.0
13103,0.97
13105,0.72
13107,0.0
13109,0.3
13111,0.78
13113,0.92
13115,0.81
13117,0.99
13119,0.76
13121,0.77
13123,0.95
13125,0.0
13127,0.94
13129,0.7
13131,0.88
13133,0.65
13135,0.98
13137,0.97
13139,0.83
13141,0.1
13143,0.24
13145,0.89
13147,0.44
13149,0.63
13151,0.95
13153,1.0
13155,0.82
13157,0.9
13159,0.06
13161,0.48
13163,0.01
13165,0.31
13167,0.0
13169,0.92
13171,0.54
13173,0.8
13175,0.37
13177,0.76
13179,0.84
13181,
13183,0.89
13185,0.6
13187,0.94
13189,0.82
13191,0.89
13193,0.86
13195,0.83
13197,0.91
13199,0.45
13201,0.1
13205,0.39
13207,0.38
13209,0.53
13211,0.16
13213,0.98
13215,0.94
13217,0.79
13219,0.65
13221,0.89
13223,0.9
13225,0.7
13227,0.86
13229,0.68
13231,0.14
13233,0.88
13235,0.65
13237,0.51
13239,0.31
13241,0.96
13243,0.79
13245,0.92
13247,0.99
13249,0.91
13251,
13253,0.94
13255,0.91
13257,0.96
13259,0.06
13261,0.43
13263,0.87
13265,
13267,0.78
13269,0.74
13271,0.73
13273,0.84
13275,0.83
13277,0.71
13279,0.09
13281,0.97
13283,0.02
13285,0.72
13287,0.83
13289,0.56
13291,0.9
13293,0.97
13295,0.96
13297,0.92
13299,0.6
13301,0.0
13303,0.27
13305,0.85
13307,0.62
13309,0.52
13311,0.98
13313,
13315,0.86
13317,
13319,0.86
13321,0.49
15001,0.71
15003,0.94
15007,0.96
15009,0.88
16001,0.65
16003,0.15
16005,0.57
16007,0.81
16009,0.0
16011,0.54
16013,0.53
16015,0.29
16017,0.39
16019,0.55
16021,0.83
16023,0.36
16025,0.0
16027,0.64
16029,0.46
16031,0.32
16033,0.15
16035,0.07
16037,0.38
16039,0.34
16041,0.35
16043,0.22
16045,0.62
16047,0.22
16049,0.0
16051,0.55
16053,0.33
16055,0.4
16057,0.33
16059,0.32
16061,0.09
16063,0.31
16065,0.39
16067,0.18
16069,0.25
16071,0.32
16073,0.18
16075,0.58
16077,0.59
16079,0.22
16081,0.72
16083,0.56
16085,0.71
16087,0.21
17001,0.48
17003,0.0
17005,0.02
17007,0.66
17009,0.07
17011,0.5
17013,0.0
17015,0.61
17017,0.0
17019,0.52
17021,0.43
17023,0.34
17025,0.38
17027,0.45
17029,0.35
17031,0.87
17033,0.42
17035,0.41
17037,0.63
17039,0.45
17041,0.48
17043,0.62
17045,0.22
17047,0.12
17049,0.36
17051,0.22
17053,0.13
17055,0.3
17057,0.46
17059,0.6
17061,0.06
17063,0.28
17065,0.11
17067,0.52
17069,0.0
17071,0.26
17073,0.71
17075,0.4
17077,0.51
17079,0.02
17081,0.31
17083,0.07
17085,0.51
17087,0.0
17089,0.86
17091,0.67
17093,0.45
17095,0.46
17097,0.76
17099,0.31
17101,0.06
17103,0.45
17105,0.37
17107,0.36
17109,0.7
17111,0.74
17113,0.49
17115,0.28
17117,0.08
17119,0.61
17121,0.3
17123,0.67
17125,0.12
17127,0.3
17129,0.0
17131,0.37
17133,0.78
17135,0.14
17137,0.13
17139,0.22
17141,0.45
17143,0.43
17145,0.18
17147,0.55
17149,0.02
17151,0.02
17153,0.26
17155,0.45
17157,0.57
17159,0.1
17161,0.68
17163,0.99
17165,0.35
17167,0.52
17169,0.0
17171,0.01
17173,0.16
17175,0.6
17177,0.5
17179,0.55
17181,0.25
17183,0.42
17185,0.07
17187,0.25
17189,0.39
17191,0.22
17193,0.13
17195,0.51
17197,0.95
17199,0.29
17201,0.63
17203,0.66
18001,0.31
18003,0.6
18005,0.72
18007,0.11
18009,0.14
18011,0.27
18013,0.18
18015,0.3
18017,0.46
18019,0.72
18021,0.37
18023,0.4
18025,0.05
18027,0.13
18029,0.84
18031,0.27
18033,0.35
18035,0.72
18037,0.18
18039,0.41
18041,0.4
18043,0.85
18045,0.19
18047,0.27
18049,0.67
18051,0.42
18053,0.29
18055,0.22
18057,0.37
18059,0.94
18061,0.42
18063,0.52
18065,0.67
18067,0.68
18069,0.48
18071,0.45
18073,0.49
18075,0.28
18077,0.31
18079,0.4
18081,0.4
18083,0.32
18085,0.59
18087,0.18
18089,0.76
18091,0.78
18093,0.59
18095,0.55
18097,0.93
18099,0.49
18101,0.14
18103,0.45
18105,0.87
18107,0.26
18109,0.5
18111,0.69
18113,0.35
18115,0.58
18117,0.19
18119,0.65
18121,0.19
18123,0.19
18125,0.22
18127,0.86
18129,0.16
18131,0.7
18133,0.59
18135,0.9
18137,0.47
18139,0.24
18141,0.51
18143,0.58
18145,0.48
18147,0.29
18149,0.51
18151,0.5
18153,0.17
18155,0.18
18157,0.54
18159,0.56
18161,0.47
18163,0.85
18165,0.33
18167,0.63
18169,0.23
18171,0.06
18173,0.41
18175,0.29
18177,0.51
18179,0.39
18181,0.84
18183,0.44
19001,0.7
19003,0.6
19005,0.03
19007,0.72
19009,0.72
19011,0.65
19013,0.65
19015,0.5
19017,0.59
19019,0.35
19021,0.63
19023,0.61
19025,0.9
19027,0.71
19029,0.63
19031,0.62
19033,0.67
19035,0.6
19037,0.64
19039,0.88
19041,0.57
19043,0.5
19045,0.57
19047,0.44
19049,0.75
19051,0.34
19053,0.68
19055,0.81
19057,0.82
19059,0.63
19061,0.74
19063,0.41
19065,0.72
19067,0.75
19069,0.33
19071,0.57
19073,0.6
19075,0.77
19077,0.73
19079,0.59
19081,0.4
19083,0.69
19085,0.68
19087,0.7
19089,0.78
19091,0.43
19093,0.0
19095,0.58
19097,0.41
19099,0.74
19101,0.68
19103,0.69
19105,0.51
19107,0.72
19109,0.41
19111,0.83
19113,0.79
19115,0.69
19117,0.61
19119,0.74
19121,0.56
19123,0.56
19125,0.88
19127,0.76
19129,0.28
19131,0.8
19133,0.53
19135,0.71
19137,0.81
19139,0.3
19141,0.76
19143,0.34
19145,0.58
19147,0.17
19149,0.4
19151,0.68
19153,0.75
19155,0.46
19157,0.5
19159,0.67
19161,0.44
19163,0.9
19165,0.63
19167,0.48
19169,0.63
19171,0.8
19173,0.47
19175,0.8
19177,0.4
19179,0.61
19181,0.65
19183,0.79
19185,0.92
19187,0.9
19189,0.22
19191,0.31
19193,0.57
19195,0.54
19197,0.56
20001,0.8
20003,0.51
20005,0.0
20007,0.84
20009,0.72
20011,0.87
20013,0.0
20015,0.31
20017,0.04
20019,0.0
20021,0.96
20023,0.01
20025,1.0
20027,0.88
20029,0.6
20031,0.43
20033,0.97
20035,0.33
20037,0.98
20039,0.02
20041,0.37
20043,0.0
20045,0.74
20047,0.86
20049,0.0
20051,0.84
20053,0.63
20055,0.97
20057,0.99
20059,0.25
20061,0.6
20063,0.54
20065,0.98
20067,0.98
20069,1.0
20071,0.0
20073,0.39
20075,
20077,0.16
20079,0.53
20081,1.0
20083,1.0
20085,0.14
20087,0.45
20089,0.28
20091,0.73
20093,0.9
20095,0.19
20097,0.24
20099,0.72
20101,0.0
20103,0.5
20105,0.19
20107,0.8
20109,0.0
20111,0.24
20113,0.06
20115,0.2
20117,0.38
20119,0.99
20121,0.06
20123,0.08
20125,0.45
20127,0.0
20129,0.97
20131,0.13
20133,0.94
20135,0.77
20137,0.44
20139,0.39
20141,0.83
20143,0.81
20145,0.34
20147,0.44
20149,0.88
20151,0.42
20153,0.01
20155,0.37
20157,0.14
20159,0.69
20161,0.8
20163,0.84
20165,0.28
20167,0.95
20169,0.22
20171,0.0
20173,0.4
20175,0.98
20177,0.63
20179,0.59
20181,0.17
20183,0.85
20185,0.01
20187,0.99
20189,0.99
20191,1.0
20193,0.01
20195,0.76
20197,0.21
20199,0.0
20201,0.34
20203,0.0
20205,0.01
20207,0.58
20209,0.95
21001,0.76
21003,0.17
21005,0.53
21007,0.61
21009,0.38
21011,0.96
21013,0.46
21015,0.96
21017,0.46
21019,0.97
21021,0.43
21023,0.94
21025,0.2
21027,0.0
21029,0.95
21031,0.02
21033,0.38
21035,0.89
21037,0.9
21039,0.92
21041,0.46
21043,0.94
21045,0.9
21047,0.5
21049,0.2
21051,0.92
21053,0.97
21055,0.4
21057,0.48
21059,0.6
21061,0.75
21063,
21065,0.91
21067,0.99
21069,0.9
21071,0.18
21073,0.92
21075,0.52
21077,0.35
21079,0.95
21081,0.67
21083,0.9
21085,0.95
21087,0.9
21089,0.92
21091,0.13
21093,0.96
21095,0.38
21097,0.18
21099,0.12
21101,0.67
21103,0.66
21105,0.39
21107,0.51
21109,1.0
21111,0.96
21113,0.99
21115,0.73
21117,0.88
21119,0.17
21121,0.76
21123,0.8
21125,0.99
21127,0.97
21129,0.04
21131,0.37
21133,0.15
21135,0.86
21137,0.61
21139,0.6
21141,
21143,0.0
21145,0.97
21147,0.79
21149,0.35
21151,0.87
21153,0.86
21155,0.87
21157,0.97
21159,0.48
21161,0.69
21163,0.85
21165,
21167,0.65
21169,0.01
21171,0.52
21173,0.85
21175,
21177,0.55
21179,0.24
21181,0.42
21183,0.24
21185,0.86
21187,0.06
21189,0.98
21191,0.5
21193,0.83
21195,0.22
21197,0.0
21199,0.95
21201,0.64
21203,0.9
21205,0.99
21207,0.0
21209,0.51
21211,0.71
21213,0.3
21215,0.73
21217,0.98
21219,0.46
21221,0.6
21223,0.78
21225,0.69
21227,0.88
21229,0.27
21231,0.95
21233,0.44
21235,0.71
21237,
21239,0.99
22001,0.48
22003,0.19
22005,0.97
22007,0.91
22009,0.02
22011,0.08
22013,0.01
22015,0.47
22017,0.72
22019,0.45
22021,0.0
22023,0.08
22025,0.0
22027,0.0
22029,0.03
22031,0.39
22033,0.93
22035,0.0
22037,0.09
22039,0.06
22041,0.0
22043,0.26
22045,0.44
22047,0.73
22049,0.02
22051,0.74
22053,0.28
22055,0.95
22057,0.7
22059,0.0
22061,0.42
22063,0.98
22065,0.0
22067,0.62
22069,0.28
22071,0.89
22073,0.86
22075,0.21
22077,0.55
22079,0.58
22081,0.0
22083,0.02
22085,0.12
22087,0.93
22089,0.87
22091,0.06
22093,0.66
22095,0.93
22097,0.56
22099,0.8
22101,0.58
22103,0.99
22105,0.75
22107,0.03
22109,1.0
22111,0.03
22113,0.92
22115,0.48
22117,0.03
22119,0.18
22121,0.88
22123,0.0
22125,0.0
22127,0.16
23001,0.99
23003,0.64
23005,0.98
23007,0.45
23009,0.79
23011,0.99
23013,0.89
23015,0.96
23017,0.84
23019,0.68
23021,0.42
23023,0.92
23025,0.6
23027,0.55
23029,0.73
23031,0.99
24001,0.78
24003,0.95
24005,0.95
24009,0.94
24011,0.76
24013,0.95
24015,0.94
24017,0.74
24019,0.59
24021,0.88
24023,0.67
24025,0.93
24027,0.98
24029,0.84
24031,0.94
24033,0.89
24035,0.9
24037,0.94
24039,0.35
24041,0.81
24043,0.92
24045,0.84
24047,0.7
24510,
25001,0.97
25005,0.99
25007,0.9
25019,0.93
25021,0.99
25023,0.99
25025,0.0
26001,0.76
26003,0.63
26005,0.55
26007,0.89
26009,0.76
26011,0.61
26013,0.97
26015,0.26
26017,0.84
26019,0.78
26021,0.7
26023,0.46
26025,0.43
26027,0.61
26029,0.77
26031,0.52
26033,0.52
26035,0.58
26037,0.42
26039,0.43
26041,0.69
26043,0.55
26045,0.19
26047,0.65
26049,0.97
26051,0.26
26053,0.64
26055,0.91
26057,0.73
26059,0.45
26061,0.76
26063,0.66
26065,
26067,0.28
26069,0.59
26071,0.33
26073,0.62
26075,0.45
26077,0.81
26079,0.29
26081,0.89
26083,0.63
26085,0.0
26087,0.6
26089,0.81
26091,0.59
26093,0.71
26095,0.0
26097,0.23
26099,0.74
26101,0.53
26103,0.78
26105,0.45
26107,0.58
26109,0.4
26111,0.76
26113,0.3
26115,0.79
26117,0.8
26119,0.1
26121,0.73
26123,0.37
26125,0.9
26127,0.35
26129,0.85
26131,0.96
26133,0.29
26135,0.34
26137,0.59
26139,0.9
26141,0.17
26143,0.93
26145,0.81
26147,0.5
26149,0.55
26151,0.25
26153,0.32
26155,0.6
26157,0.57
26159,0.54
26161,0.75
26163,0.97
26165,0.52
27001,0.3
27003,0.9
27005,0.68
27007,0.96
27009,0.5
27011,0.6
27013,0.75
27015,0.32
27017,0.45
27019,0.41
27021,0.64
27023,0.4
27025,0.49
27027,0.3
27029,0.04
27031,0.99
27033,0.43
27035,0.74
27037,0.59
27039,
27041,0.39
27043,0.58
27045,0.01
27047,0.94
27049,0.43
27051,0.5
27053,0.81
27055,0.12
27057,0.89
27059,0.32
27061,0.67
27063,0.59
27065,0.13
27067,0.46
27069,0.03
27071,0.47
27073,0.74
27075,0.45
27077,0.52
27079,0.89
27081,0.43
27083,0.37
27085,0.5
27087,0.66
27089,0.23
27091,0.25
27093,0.22
27095,0.31
27097,0.4
27099,0.88
27101,0.54
27103,0.19
27105,0.41
27107,0.38
27109,0.7
27111,0.56
27113,0.41
27115,0.43
27117,0.5
27119,0.18
27121,0.62
27123,0.98
27125,0.36
27127,0.05
27129,0.54
27131,0.9
27133,0.4
27135,0.42
27137,0.49
27139,0.55
27141,0.83
27143,0.52
27145,0.62
27147,
27149,0.5
27151,0.48
27153,0.31
27155,0.48
27157,0.44
27159,0.69
27161,
27163,0.88
27165,0.48
27167,0.12
27169,0.55
27171,0.72
27173,0.02
28001,0.42
28003,0.5
28005,0.0
28007,0.24
28009,0.34
28011,0.55
28013,0.66
28015,0.16
28017,0.32
28019,0.16
28021,0.02
28023,0.06
28025,0.36
28027,0.2
28029,0.1
28031,0.0
28033,0.67
28035,0.6
28037,0.2
28039,0.26
28041,0.14
28043,0.61
28045,0.39
28047,0.81
28049,0.49
28051,0.59
28053,0.0
28055,0.11
28057,0.15
28059,0.69
28061,0.15
28063,0.01
28065,0.7
28067,0.46
28069,0.04
28071,0.56
28073,0.4
28075,0.76
28077,0.0
28079,0.12
28081,0.74
28083,0.39
28085,0.26
28087,0.73
28089,0.58
28091,0.0
28093,0.45
28095,0.41
28097,0.49
28099,0.46
28101,0.25
28103,0.0
28105,0.48
28107,0.4
28109,0.6
28111,0.04
28113,0.49
28115,0.32
28117,0.54
28119,0.34
28121,0.79
28123,0.01
28125,0.0
28127,0.08
28129,0.06
28131,0.27
28133,0.24
28135,0.47
28137,0.27
28139,0.17
28141,0.54
28143,0.27
28145,0.49
28147,0.0
28149,0.2
28151,0.51
28153,0.03
28155,0.11
28157,0.0
28159,0.35
28161,0.41
28163,0.2
29001,0.43
29003,0.73
29005,0.0
29007,0.35
29009,0.32
29011,0.53
29013,0.05
29015,0.28
29017,0.01
29019,0.39
29021,0.66
29023,0.25
29025,0.02
29027,0.46
29029,0.56
29031,0.51
29033,0.25
29035,0.0
29037,0.22
29039,0.51
29041,0.42
29043,0.67
29045,0.0
29047,0.36
29049,0.29
29051,0.29
29053,0.13
29055,0.67
29057,0.43
29059,0.14
29061,0.5
29063,0.45
29065,0.33
29067,0.03
29069,0.32
29071,0.51
29073,0.0
29075,0.63
29077,0.79
29079,0.01
29081,0.35
29083,0.1
29085,0.0
29087,0.0
29089,0.0
29091,0.11
29093,0.41
29095,0.48
29097,0.5
29099,0.8
29101,0.18
29103,0.0
29105,0.24
29107,0.07
29109,0.59
29111,0.0
29113,0.41
29115,0.64
29117,0.12
29119,0.65
29121,0.13
29123,0.24
29125,0.3
29127,0.2
29129,0.66
29131,0.53
29133,0.71
29135,0.73
29137,0.53
29139,0.33
29141,0.74
29143,0.48
29145,0.6
29147,0.36
29149,0.0
29151,0.0
29153,0.0
29155,0.17
29157,0.14
29159,0.17
29161,0.26
29163,0.18
29165,0.46
29167,0.7
29169,0.33
29171,0.72
29173,0.18
29175,0.23
29177,0.38
29179,0.34
29181,0.21
29183,0.37
29185,0.0
29186,0.08
29187,0.63
29189,0.67
29195,0.09
29197,0.0
29199,0.43
29201,0.75
29203,0.0
29205,0.4
29207,0.28
29209,0.55
29211,0.71
29213,0.56
29215,0.1
29217,0.7
29219,0.44
29221,0.14
29223,0.19
29225,0.36
29227,0.63
29229,0.2
29510,
30001,0.41
30003,0.47
30005,0.6
30007,0.33
30009,0.25
30011,0.0
30013,0.24
30015,0.69
30017,0.0
30019,
30021,0.0
30023,0.24
30025,0.0
30027,0.12
30029,0.58
30031,0.48
30033,0.0
30035,0.09
30037,0.0
30039,0.0
30041,0.72
30043,0.51
30045,0.31
30047,0.46
30049,0.9
30051,0.01
30053,0.4
30055,0.0
30057,0.06
30059,0.65
30061,0.0
30063,0.52
30065,0.0
30067,0.16
30069,0.0
30071,0.47
30073,0.04
30075,0.0
30077,0.07
30079,0.0
30081,0.28
30083,0.02
30085,0.16
30087,0.0
30089,0.0
30091,0.3
30093,0.16
30095,0.38
30097,0.59
30099,0.11
30101,0.02
30103,0.0
30105,0.09
30107,0.41
30109,0.0
30111,0.55
31001,0.81
31003,0.17
31005,0.0
31007,0.0
31009,0.0
31011,0.45
31013,0.79
31015,0.7
31017,0.15
31019,0.69
31021,0.16
31023,0.58
31025,0.85
31027,0.34
31029,0.32
31031,0.0
31033,0.26
31035,0.75
31037,0.01
31039,0.34
31041,0.02
31043,0.58
31045,0.15
31047,0.39
31049,0.19
31051,0.66
31053,0.12
31055,0.75
31057,0.7
31059,0.79
31061,0.31
31063,0.03
31065,0.28
31067,0.7
31069,0.0
31071,0.01
31073,0.17
31075,0.0
31077,0.1
31079,0.5
31081,0.19
31083,0.01
31085,0.0
31087,0.0
31089,0.16
31091,0.0
31093,0.49
31095,0.4
31097,0.58
31099,0.58
31101,0.29
31103,0.06
31105,0.72
31107,0.0
31109,0.86
31111,0.39
31113,0.0
31115,0.03
31117,0.0
31119,0.58
31121,0.35
31123,0.62
31125,0.51
31127,0.63
31129,0.78
31131,0.81
31133,0.64
31135,0.01
31137,0.62
31139,0.3
31141,0.33
31143,0.65
31145,0.3
31147,0.32
31149,0.07
31151,0.75
31153,0.74
31155,0.69
31157,0.59
31159,0.76
31161,0.04
31163,0.47
31165,0.13
31167,0.16
31169,0.6
31171,0.0
31173,0.16
31175,0.56
31177,0.06
31179,0.58
31181,0.46
31183,0.54
31185,0.67
32001,0.63
32003,0.4
32005,0.83
32007,0.02
32009,0.0
32011,0.0
32013,0.0
32015,0.0
32017,0.52
32019,0.51
32021,0.0
32023,0.0
32027,0.0
32029,0.11
32031,0.63
32033,0.0
32510,0.82
33001,0.95
33003,0.95
33005,0.52
33007,0.54
33009,0.86
33011,0.88
33013,0.88
33015,0.99
33017,0.97
33019,0.69
34001,0.88
34003,
34005,0.91
34007,0.99
34009,0.95
34011,0.81
34013,
34015,0.98
34017,
34019,0.79
34021,1.0
34023,1.0
34025,1.0
34027,1.0
34029,0.97
34031,1.0
34033,0.94
34035,0.99
34037,0.22
34039,
34041,0.49
35001,0.76
35003,0.0
35005,0.45
35006,0.04
35007,0.01
35009,0.2
35011,0.0
35013,
35015,0.44
35017,0.48
35019,0.0
35021,0.0
35023,0.01
35025,0.63
35027,0.63
35028,0.94
35029,0.27
35031,0.04
35033,0.0
35035,0.34
35037,0.0
35039,0.19
35041,0.18
35043,0.57
35045,0.4
35047,0.13
35049,0.7
35051,0.15
35053,0.01
35055,0.28
35057,0.41
35059,0.0
35061,0.57
36001,0.74
36003,0.69
36007,0.82
36009,0.58
36011,0.5
36013,0.83
36015,0.78
36017,0.73
36019,0.9
36021,0.65
36023,0.74
36025,0.39
36027,1.0
36029,0.91
36031,0.76
36033,0.71
36035,0.84
36037,0.94
36039,0.15
36041,0.18
36043,0.75
36045,0.71
36049,0.7
36051,0.79
36053,0.87
36055,0.99
36057,0.61
36059,
36061,
36063,0.96
36065,0.87
36067,0.98
36069,0.88
36071,1.0
36073,0.97
36075,0.9
36077,0.72
36079,1.0
36083,0.9
36087,1.0
36089,0.8
36091,0.99
36093,0.93
36095,0.65
36097,0.72
36099,0.65
36101,0.71
36103,0.99
36105,0.97
36107,0.89
36109,0.9
36111,0.98
36113,0.77
36115,0.7
36117,0.92
36119,
36121,0.77
36123,0.59
37001,0.93
37003,0.9
37005,0.88
37007,0.89
37009,0.89
37011,0.77
37013,0.56
37015,0.64
37017,0.52
37019,0.66
37021,0.99
37023,0.94
37025,0.99
37027,0.96
37029,0.93
37031,1.0
37033,0.45
37035,0.99
37037,0.57
37039,0.26
37041,0.73
37043,0.5
37045,0.91
37047,0.78
37049,0.7
37051,0.93
37053,0.96
37055,0.98
37057,0.94
37059,1.0
37061,0.65
37063,0.86
37065,0.47
37067,
37069,0.82
37071,1.0
37073,0.0
37075,0.51
37077,0.75
37079,0.04
37081,0.98
37083,0.66
37085,0.96
37087,0.75
37089,0.53
37091,0.8
37093,0.77
37095,0.01
37097,0.93
37099,0.08
37101,0.9
37103,0.41
37105,0.97
37107,0.67
37109,1.0
37111,0.68
37113,0.37
37115,
37117,0.62
37119,
37121,0.86
37123,0.45
37125,0.79
37127,0.78
37129,0.96
37131,0.7
37133,1.0
37135,0.76
37137,0.86
37139,
37141,0.7
37143,0.8
37145,0.89
37147,0.75
37149,0.75
37151,0.94
37153,0.85
37155,0.76
37157,0.93
37159,0.95
37161,0.04
37163,0.19
37165,0.83
37167,0.99
37169,0.93
37171,0.93
37173,0.47
37175,0.0
37177,0.4
37179,0.97
37181,0.9
37183,0.96
37185,0.52
37187,0.73
37189,0.98
37191,0.95
37193,0.99
37195,0.97
37197,0.99
37199,0.86
38001,0.96
38003,0.47
38005,0.2
38007,0.16
38009,0.72
38011,0.93
38013,0.0
38015,1.0
38017,0.6
38019,0.56
38021,
38023,0.11
38025,0.78
38027,0.83
38029,1.0
38031,0.96
38033,0.01
38035,0.31
38037,0.96
38039,0.48
38041,1.0
38043,1.0
38045,
38047,
38049,0.7
38051,
38053,0.02
38055,0.55
38057,
38059,0.81
38061,0.02
38063,0.79
38065,0.9
38067,0.88
38069,0.86
38071,0.67
38073,0.71
38075,0.75
38077,0.24
38079,0.13
38081,0.98
38083,0.68
38085,0.97
38087,0.99
38089,0.96
38091,0.15
38093,0.8
38095,0.53
38097,0.83
38099,0.59
38101,0.64
38103,0.84
38105,0.32
39001,0.45
39003,0.82
39005,0.63
39007,0.83
39009,0.44
39011,0.62
39013,0.73
39015,0.6
39017,0.91
39019,0.33
39021,0.75
39023,0.95
39025,0.97
39027,0.54
39029,0.57
39031,0.47
39033,0.58
39035,
39037,0.75
39039,0.42
39041,0.87
39043,0.86
39045,0.72
39047,0.68
39049,0.89
39051,0.65
39053,0.25
39055,0.85
39057,0.73
39059,0.66
39061,1.0
39063,0.77
39065,0.65
39067,0.16
39069,0.58
39071,0.59
39073,0.4
39075,0.2
39077,0.61
39079,0.56
39081,0.45
39083,0.54
39085,0.98
39087,0.73
39089,0.87
39091,0.67
39093,0.65
39095,0.9
39097,0.63
39099,0.93
39101,0.76
39103,0.93
39105,0.4
39107,0.73
39109,0.9
39111,0.01
39113,0.95
39115,0.36
39117,0.58
39119,0.78
39121,0.31
39123,0.76
39125,0.51
39127,0.43
39129,0.38
39131,0.46
39133,0.87
39135,0.98
39137,0.62
39139,0.7
39141,0.86
39143,0.84
39145,0.68
39147,0.7
39149,0.76
39151,0.69
39153,0.99
39155,0.84
39157,0.54
39159,0.54
39161,0.41
39163,0.39
39165,0.84
39167,0.62
39169,0.43
39171,0.57
39173,0.77
39175,0.44
40001,0.03
40003,0.61
40005,0.01
40007,0.18
40009,0.28
40011,0.5
40013,0.24
40015,0.2
40017,0.4
40019,0.54
40021,0.26
40023,0.02
40025,0.04
40027,0.26
40029,0.0
40031,0.28
40033,0.59
40035,0.43
40037,0.37
40039,0.32
40041,0.25
40043,0.22
40045,0.57
40047,0.47
40049,0.17
40051,0.26
40053,0.52
40055,0.04
40057,0.58
40059,0.35
40061,0.57
40063,0.01
40065,0.22
40067,0.02
40069,0.16
40071,0.3
40073,0.52
40075,0.46
40077,0.02
40079,0.53
40081,0.41
40083,0.41
40085,0.3
40087,0.78
40089,0.01
40091,0.13
40093,0.24
40095,0.05
40097,0.19
40099,0.17
40101,0.48
40103,0.0
40105,0.08
40107,0.15
40109,0.58
40111,0.32
40113,0.29
40115,0.27
40117,0.0
40119,0.37
40121,0.41
40123,0.48
40125,0.75
40127,0.01
40129,0.06
40131,0.17
40133,0.14
40135,0.26
40137,0.31
40139,0.09
40141,0.66
40143,0.55
40145,0.7
40147,0.26
40149,0.28
40151,0.66
40153,0.4
41001,0.3
41003,0.92
41005,0.71
41007,0.61
41009,0.43
41011,0.72
41013,0.32
41015,0.88
41017,0.77
41019,0.79
41021,0.05
41023,0.72
41025,0.0
41027,0.19
41029,0.66
41031,0.44
41033,0.59
41035,0.61
41037,0.46
41039,0.38
41041,0.76
41043,0.91
41045,0.36
41047,0.86
41049,0.17
41051,0.77
41053,0.81
41055,0.0
41057,0.72
41059,0.58
41061,0.29
41063,0.0
41065,0.38
41067,0.66
41069,0.0
41071,0.38
42001,0.85
42003,0.98
42005,0.93
42007,0.94
42009,0.71
42011,0.95
42013,0.88
42015,0.45
42017,0.99
42019,0.94
42021,0.81
42023,0.86
42025,0.98
42027,0.62
42029,0.97
42031,0.75
42033,0.7
42035,0.82
42037,0.57
42039,0.68
42041,0.77
42043,0.93
42045,1.0
42047,0.94
42049,0.62
42051,0.87
42053,0.69
42055,0.76
42057,0.4
42059,0.9
42061,0.7
42063,0.64
42065,0.85
42067,0.45
42069,0.71
42071,0.89
42073,0.93
42075,0.93
42077,0.99
42079,0.83
42081,0.72
42083,0.82
42085,0.76
42087,0.44
42089,0.98
42091,0.99
42093,0.51
42095,1.0
42097,0.67
42099,0.69
42101,
42103,0.99
42105,0.7
42107,0.78
42109,0.43
42111,0.75
42113,0.31
42115,0.31
42117,0.68
42119,0.94
42121,0.75
42123,0.46
42125,0.8
42127,0.5
42129,0.94
42131,0.86
42133,0.91
45001,0.87
45003,0.71
45005,0.0
45007,0.9
45009,0.0
45011,0.16
45013,0.59
45015,0.72
45017,0.75
45019,0.79
45021,0.82
45023,0.13
45025,0.24
45027,0.54
45029,0.33
45031,0.76
45033,0.68
45035,0.5
45037,0.47
45039,0.01
45041,0.7
45043,0.73
45045,0.92
45047,0.07
45049,0.26
45051,0.98
45053,0.05
45055,0.39
45057,0.79
45059,0.64
45061,0.23
45063,0.61
45065,0.57
45067,0.52
45069,0.01
45071,0.46
45073,0.25
45075,0.32
45077,0.8
45079,0.71
45081,0.11
45083,0.86
45085,0.74
45087,0.76
45089,0.42
45091,0.75
46003,0.88
46005,0.41
46007,0.97
46009,0.68
46011,0.85
46013,
46015,0.85
46017,0.21
46019,0.32
46021,0.77
46023,0.31
46025,0.57
46027,0.4
46029,0.25
46031,0.83
46033,0.73
46035,0.58
46037,0.89
46039,0.78
46041,0.02
46043,
46045,0.93
46047,
46049,0.98
46051,0.25
46053,1.0
46055,0.99
46057,0.42
46059,0.75
46061,0.75
46063,0.12
46065,0.64
46067,1.0
46069,
46071,
46073,
46075,0.99
46077,0.62
46079,0.67
46081,0.67
46083,0.75
46085,0.75
46087,0.98
46089,0.68
46091,0.8
46093,0.68
46095,
46097,
46099,0.89
46101,0.69
46102,0.96
46103,0.77
46105,0.09
46107,
46109,0.59
46111,0.91
46115,1.0
46117,0.79
46119,
46121,0.96
46123,
46125,0.89
46127,0.61
46129,0.98
46135,0.7
46137,0.16
47001,0.94
47003,0.49
47005,0.2
47007,0.01
47009,0.92
47011,0.89
47013,0.75
47015,0.0
47017,0.63
47019,0.82
47021,0.84
47023,0.24
47025,0.43
47027,0.82
47029,0.49
47031,0.66
47033,0.51
47035,0.29
47037,0.98
47039,0.52
47041,0.71
47043,0.64
47045,0.8
47047,0.74
47049,0.93
47051,0.68
47053,0.63
47055,0.31
47057,0.65
47059,0.93
47061,0.83
47063,0.92
47065,0.95
47067,0.19
47069,0.35
47071,0.45
47073,0.53
47075,0.31
47077,0.54
47079,0.79
47081,0.35
47083,0.01
47085,0.26
47087,0.9
47089,0.49
47091,0.92
47093,0.96
47095,0.56
47097,0.4
47099,0.29
47101,0.44
47103,0.6
47105,0.81
47107,0.53
47109,0.42
47111,0.24
47113,0.85
47115,0.83
47117,0.46
47119,0.85
47121,0.43
47123,0.54
47125,0.86
47127,0.43
47129,0.14
47131,0.57
47133,0.8
47135,0.2
47137,0.97
47139,0.78
47141,0.85
47143,0.46
47145,0.58
47147,0.65
47149,0.88
47151,0.14
47153,0.16
47155,0.85
47157,0.86
47159,0.61
47161,0.64
47163,
47165,0.8
47167,0.72
47169,0.65
47171,0.67
47173,0.83
47175,0.5
47177,0.73
47179,0.93
47181,0.31
47183,0.43
47185,0.65
47187,0.73
47189,0.83
48001,0.14
48003,0.9
48005,0.58
48007,1.0
48009,0.59
48011,0.38
48013,0.9
48015,0.04
48017,0.0
48019,0.0
48021,1.0
48023,0.98
48025,
48027,0.46
48029,0.96
48031,0.21
48033,0.19
48035,0.93
48037,0.93
48039,0.25
48041,0.52
48043,0.14
48045,0.0
48047,0.77
48049,0.04
48051,0.01
48053,0.28
48055,1.0
48057,0.67
48059,0.63
48061,0.41
48063,0.19
48065,0.71
48067,0.46
48069,0.13
48071,0.49
48073,0.13
48075,0.03
48077,0.07
48079,0.69
48081,0.03
48083,0.0
48085,0.87
48087,0.91
48089,0.83
48091,0.94
48093,0.0
48095,0.0
48097,0.59
48099,0.16
48101,0.0
48103,0.01
48105,0.0
48107,0.73
48109,0.0
48111,0.11
48113,
48115,0.49
48117,0.31
48119,0.0
48121,
48123,1.0
48125,0.0
48127,0.67
48129,0.47
48131,0.25
48133,0.13
48135,0.07
48137,0.0
48139,
48141,0.75
48143,0.77
48145,0.45
48147,0.14
48149,0.84
48151,0.0
48153,0.05
48155,0.96
48157,0.35
48159,0.19
48161,0.41
48163,0.97
48165,0.42
48167,0.69
48169,0.63
48171,0.38
48173,0.12
48175,0.94
48177,1.0
48179,0.05
48181,0.56
48183,0.55
48185,0.26
48187,
48189,0.39
48191,0.74
48193,0.1
48195,0.04
48197,0.07
48199,0.5
48201,0.8
48203,0.55
48205,0.07
48207,0.9
48209,0.9
48211,0.0
48213,0.18
48215,0.42
48217,1.0
48219,0.41
48221,0.94
48223,0.14
48225,0.56
48227,0.38
48229,0.27
48231,0.3
48233,0.72
48235,0.0
48237,0.27
48239,0.28
48241,0.01
48243,0.0
48245,0.45
48247,0.0
48249,0.88
48251,
48253,0.02
48255,1.0
48257,0.77
48259,0.69
48261,0.0
48263,0.0
48265,0.52
48267,0.05
48269,0.08
48271,0.0
48273,0.98
48275,0.99
48277,0.36
48279,0.13
48281,0.24
48283,0.32
48285,0.81
48287,0.34
48289,0.6
48291,0.17
48293,0.09
48295,0.61
48297,1.0
48299,0.0
48301,0.0
48303,0.41
48305,0.42
48307,0.02
48309,0.96
48311,0.95
48313,0.21
48315,0.22
48317,0.68
48319,0.48
48321,0.09
48323,0.72
48325,0.31
48327,0.0
48329,0.59
48331,0.14
48333,0.07
48335,0.23
48337,0.2
48339,0.66
48341,0.83
48343,0.56
48345,0.01
48347,0.48
48349,0.41
48351,0.33
48353,0.26
48355,0.99
48357,0.32
48359,0.11
48361,0.55
48363,0.78
48365,0.33
48367,1.0
48369,0.45
48371,0.21
48373,0.03
48375,0.51
48377,0.0
48379,0.05
48381,0.61
48383,0.0
48385,0.02
48387,0.72
48389,0.4
48391,0.81
48393,0.62
48395,0.42
48397,
48399,0.0
48401,0.19
48403,0.71
48405,0.19
48407,0.15
48409,
48411,0.11
48413,0.0
48415,0.33
48417,0.1
48419,0.19
48421,0.09
48423,0.43
48425,0.99
48427,0.65
48429,0.06
48431,0.0
48433,0.81
48435,0.01
48437,0.13
48439,
48441,0.45
48443,0.0
48445,0.61
48447,0.6
48449,0.2
48451,0.41
48453,0.98
48455,0.72
48457,0.09
48459,0.1
48461,0.0
48463,0.42
48465,0.8
48467,0.01
48469,0.97
48471,0.23
48473,0.03
48475,0.07
48477,0.03
48479,0.3
48481,0.09
48483,0.33
48485,0.37
48487,0.16
48489,0.56
48491,0.54
48493,1.0
48495,0.2
48497,0.74
48499,0.14
48501,0.18
48503,0.42
48505,0.65
48507,0.28
49001,0.84
49003,0.47
49005,0.66
49007,0.84
49009,0.0
49011,0.76
49013,0.11
49015,0.95
49017,0.98
49019,0.72
49021,0.96
49023,0.3
49025,0.79
49027,0.42
49029,0.25
49031,
49033,0.45
49035,0.75
49037,0.04
49039,0.42
49041,0.61
49043,0.87
49045,0.66
49047,0.35
49049,0.64
49051,0.51
49053,0.98
49055,0.9
49057,0.59
50001,0.71
50003,0.85
50005,0.7
50007,0.97
50009,0.31
50011,0.68
50013,0.65
50015,0.69
50017,0.49
50019,0.63
50021,0.89
50023,0.85
50025,0.47
50027,0.79
51001,0.09
51003,0.54
51005,0.39
51007,0.34
51009,0.53
51011,0.55
51013,
51015,0.67
51017,0.4
51019,0.53
51021,
51023,0.59
51025,0.13
51027,0.94
51029,0.0
51031,0.65
51033,0.53
51035,0.64
51036,0.0
51037,0.3
51041,0.95
51043,0.5
51045,0.47
51047,0.99
51049,0.12
51051,0.52
51053,0.39
51057,0.81
51059,1.0
51061,0.67
51063,0.03
51065,0.57
51067,0.72
51069,0.57
51071,0.54
51073,0.92
51075,0.64
51077,0.71
51079,0.57
51081,0.18
51083,0.36
51085,0.51
51087,0.97
51089,0.94
51091,0.0
51093,0.91
51095,0.95
51097,0.18
51099,0.9
51101,0.05
51103,0.62
51105,0.53
51107,0.69
51109,0.38
51111,0.27
51113,0.99
51115,0.91
51117,0.27
51119,0.82
51121,0.77
51125,0.1
51127,0.79
51131,0.08
51133,0.69
51135,0.17
51137,0.65
51139,0.76
51141,0.09
51143,0.54
51145,0.78
51147,0.31
51149,0.74
51153,0.93
51155,0.71
51157,0.79
51159,
51161,0.9
51163,0.48
51165,0.73
51167,0.54
51169,0.72
51171,0.0
51173,0.87
51175,0.51
51177,0.95
51179,0.98
51181,0.04
51183,0.35
51185,0.82
51187,0.81
51191,0.88
51193,0.98
51195,0.77
51197,0.66
51199,0.95
53001,
53003,0.39
53005,
53007,0.85
53009,0.55
53011,0.71
53013,
53015,0.89
53017,0.94
53019,
53021,
53023,0.0
53025,
53027,0.75
53029,
53031,0.64
53033,
53035,0.93
53037,
53039,0.22
53041,0.58
53043,
53045,0.82
53047,0.57
53049,0.7
53051,0.15
53053,
53055,
53057,1.0
53059,0.41
53061,0.93
53063,
53065,
53067,0.86
53069,0.01
53071,
53073,0.99
53075,0.12
53077,
54001,0.27
54003,0.84
54005,0.51
54007,0.46
54009,0.51
54011,0.78
54013,0.0
54015,0.09
54017,0.29
54019,0.52
54021,0.29
54023,0.31
54025,0.44
54027,0.22
54029,0.87
54031,0.6
54033,0.53
54035,0.17
54037,0.95
54039,0.68
54041,0.59
54043,0.57
54045,0.37
54047,0.82
54049,0.68
54051,0.6
54053,0.32
54055,0.73
54057,0.37
54059,0.19
54061,0.76
54063,0.05
54065,0.58
54067,0.47
54069,0.66
54071,0.29
54073,0.34
54075,0.0
54077,0.59
54079,0.48
54081,0.83
54083,0.17
54085,0.13
54087,0.19
54089,0.12
54091,0.34
54093,0.7
54095,0.21
54097,0.39
54099,0.67
54101,0.66
54103,0.04
54105,0.27
54107,0.58
54109,0.8
55001,0.22
55003,0.47
55005,0.55
55007,0.82
55009,0.63
55011,0.06
55013,0.25
55015,0.85
55017,
55019,0.35
55021,0.38
55023,0.31
55025,0.68
55027,0.58
55029,0.41
55031,0.33
55033,
55035,
55037,0.55
55039,0.57
55041,0.45
55043,0.49
55045,0.36
55047,0.58
55049,0.58
55051,0.32
55053,0.23
55055,0.56
55057,0.27
55059,0.86
55061,0.17
55063,0.8
55065,0.45
55067,0.24
55069,0.34
55071,0.8
55073,0.44
55075,0.35
55077,0.29
55078,0.0
55079,0.93
55081,0.37
55083,0.46
55085,0.59
55087,0.76
55089,0.94
55091,
55093,
55095,0.53
55097,0.64
55099,0.28
55101,0.79
55103,0.34
55105,0.53
55107,0.24
55109,
55111,0.54
55113,0.53
55115,0.38
55117,1.0
55119,0.24
55121,0.11
55123,0.03
55125,0.34
55127,0.71
55129,0.39
55131,0.81
55133,0.99
55135,0.5
55137,0.41
55139,0.63
55141,0.58
56001,0.76
56003,0.31
56005,0.28
56007,0.28
56009,0.6
56011,0.0
56013,0.2
56015,0.19
56017,0.08
56019,0.4
56021,0.4
56023,0.64
56025,0.69
56027,0.01
56029,0.16
56031,0.03
56033,0.57
56035,0.0
56037,0.96
56039,0.82
56041,0.22
56043,0.31
56045,0.25
